Ime_priimek,davcna_st,naslov,datum_testiranja,stanje
Jandy O'Lahy,5441420987,7 Declaration Street,31.03.2020,zdrav
Shanda Ianni,8457214063,9 Hauk Parkway,25.02.2020,zdrav
Bethina D'Alesco,0619263601,80965 Glendale Center,05.04.2020,zdrav
Angele Sowrey,5481267497,09365 Lawn Circle,26.02.2020,zdrav
Daune Greenig,0400159945,23735 Rieder Road,26.03.2020,bolnik
Philipa Salzen,2732462659,8638 Montana Circle,05.04.2020,zdrav
Gunner Finlayson,6345392170,1190 Erie Hill,04.04.2020,bolnik
Patten Sancroft,1801186324,08891 Loeprich Point,11.03.2020,zdrav
Ebonee Tomaschke,4403461565,8 Fair Oaks Center,14.03.2020,bolnik
Hale Urlin,8393742935,684 Doe Crossing Crossing,23.04.2020,zdrav
Luce Deesly,8197342512,1299 Browning Alley,28.04.2020,zdrav
Josselyn Brandoni,0676138209,2 Hazelcrest Hill,27.03.2020,zdrav
Karrie Nason,2464717908,939 Johnson Road,20.04.2020,bolnik
Collie Denyer,3711959377,35 Kings Plaza,06.03.2020,zdrav
Conny Uwins,6514480136,5335 Nelson Center,27.03.2020,zdrav
Yelena Braunthal,4102016473,5 Buell Junction,08.02.2020,zdrav
Ferd Jaeggi,0386099634,11091 Huxley Hill,18.04.2020,zdrav
Sherline Stivers,2105794475,5561 Helena Place,29.04.2020,bolnik
Tonia Esberger,3831065594,31134 Holmberg Terrace,31.03.2020,zdrav
Frayda Geffe,8172229429,021 Steensland Circle,02.02.2020,zdrav
Ban Danet,8055248656,3 Dovetail Avenue,18.04.2020,zdrav
Nolly Glazzard,5376399877,22 Manley Circle,02.03.2020,zd_delavec_na_dolznosti
Baily Waymont,6970916170,6498 Shasta Parkway,25.04.2020,zdrav
Maxy Finnick,7663776879,2465 Sundown Terrace,18.04.2020,zdrav
Ware Donald,1776372484,00 Sloan Center,20.03.2020,zdrav
Avery Mengo,4271864625,947 Arapahoe Alley,04.02.2020,zdrav
Laurence Olerenshaw,4448146693,79 Village Green Lane,13.04.2020,zdrav
Keen Winham,9965200912,81 Kedzie Hill,07.02.2020,zdrav
Cris Larive,2499885076,60 Lunder Court,10.04.2020,zdrav
Sayre Hammatt,9900056841,3 Melody Road,04.02.2020,zdrav
Pooh Matevosian,9092561827,84 Sheridan Pass,12.02.2020,zdrav
Moore Pentercost,9625002952,4971 Morrow Trail,12.03.2020,zdrav
Lanny Tyght,3026266507,22128 Elmside Court,23.03.2020,zdrav
Celestine Judron,1188147242,7 Utah Pass,10.04.2020,zdrav
Boothe Tolumello,9672073445,62157 Kim Center,19.04.2020,zdrav
Shawn Brewitt,6788980780,09201 Nelson Circle,18.04.2020,zdrav
Kellie Tohill,2378921608,90823 Pearson Road,12.03.2020,bolnik
Kermie Michie,1057338710,522 Burning Wood Road,15.02.2020,zdrav
Essy Lanfer,4580580079,575 Talisman Hill,25.03.2020,zdrav
Mitchael McKerlie,9778613117,34 Buhler Place,21.03.2020,zdrav
Alisha Scarborough,9447413862,48799 Nancy Way,28.04.2020,zdrav
Faydra Danher,4181732908,957 Merrick Alley,29.03.2020,zdrav
Janette Ollcott,7445616462,90 Corscot Junction,07.04.2020,zdrav
Pippo Skillman,7831465804,5932 Anzinger Way,22.02.2020,zdrav
Clareta Yglesia,7990515482,886 Lakewood Gardens Park,26.03.2020,zdrav
Kathe Boddis,7297794414,6 Anderson Terrace,15.02.2020,zdrav
Westbrook Cadding,0258297786,64 Kingsford Court,27.02.2020,bolnik
George Teas,1611433150,7 Monument Trail,23.02.2020,zdrav
Emelyne Baccas,5681046516,44 Hooker Avenue,26.04.2020,bolnik
Gilberto Glenfield,3516626917,539 Hintze Road,25.04.2020,zdrav
Kerwinn Czajka,5311715995,4258 Pine View Parkway,21.02.2020,zdrav
Rudy Hair,2147642711,862 Gerald Trail,23.03.2020,zd_delavec_na_dolznosti
Lorenza Troman,8096158104,5 Mayer Junction,06.04.2020,bolnik
Carolyn Gyles,6347246597,28 Lien Circle,13.03.2020,zdrav
Codie Kondratovich,1933698837,77 Raven Court,07.04.2020,zdrav
Josy Macvey,5675789367,4 Hoard Drive,26.03.2020,zdrav
Elset Mitrikhin,3312834910,9747 Anhalt Pass,31.03.2020,zdrav
Anthea Villalta,0389638587,7 Waubesa Circle,12.04.2020,zdrav
Sunny Dominelli,5628070149,94805 Carpenter Trail,04.04.2020,zdrav
Sorcha Titmus,1724135260,976 Dryden Avenue,19.03.2020,zdrav
Gale Standbrooke,7105963506,5847 Harper Trail,26.03.2020,zdrav
Pablo O'Kennavain,1489530975,6572 Cordelia Avenue,17.03.2020,zd_delavec_na_dolznosti
Natal Bouch,4240305179,5163 Leroy Circle,28.02.2020,zdrav
Tyrone Loughead,4313657746,40046 Stone Corner Park,18.02.2020,zdrav
Boonie Navarre,4427838642,2 Sundown Junction,11.04.2020,zd_delavec_na_dolznosti
Licha Chaikovski,4930998514,0 Green Ridge Pass,14.02.2020,zdrav
Tonnie Maggi,7281646585,2 Debs Park,14.04.2020,zdrav
Etta Gillimgham,4478977135,2 Katie Hill,26.04.2020,zdrav
Stevy Kochs,0195510860,22 Gina Pass,11.02.2020,zdrav
Shaine Cuppitt,3722275768,6496 Elmside Point,04.02.2020,zdrav
Angelica Abramov,8738953935,006 Summit Alley,27.04.2020,bolnik
Stavros Cleyne,4907914342,5844 Iowa Point,09.02.2020,zd_delavec_na_dolznosti
Hoebart Chadwick,5402639191,1163 Sherman Avenue,22.04.2020,bolnik
Vasili Tattershaw,9287285128,81 Forster Avenue,15.04.2020,zdrav
Jamesy Buer,8013016706,32271 Shasta Crossing,19.03.2020,zdrav
Westleigh McNabb,8830922676,57616 Magdeline Court,05.02.2020,zd_delavec_na_dolznosti
Hettie Piggens,1370575610,62 Sachs Avenue,24.02.2020,zdrav
Terrence Worsalls,6802533596,3221 Mariners Cove Court,06.03.2020,zdrav
Filippa Fidge,9066671696,71 Loftsgordon Lane,13.04.2020,zdrav
Farleigh Maywood,5488855343,922 Cordelia Hill,11.04.2020,zd_delavec_na_dolznosti
Carilyn Barbrook,1371323003,17 Sutherland Court,28.02.2020,zdrav
Erika Tamas,7226737485,77 Welch Crossing,04.02.2020,zdrav
Tadd Klimp,0083022929,79 Loomis Lane,06.02.2020,zd_delavec_na_dolznosti
Cloris Vaadeland,6063973281,316 7th Court,18.02.2020,zdrav
Lind Lamkin,0654491704,41367 Messerschmidt Place,11.04.2020,zdrav
Emmery Mordin,6742840935,83 Mandrake Place,13.02.2020,zdrav
Ker Kinghorne,4844323644,0898 Gerald Point,03.03.2020,zdrav
Elise Offord,8144246160,37 Tennyson Center,05.03.2020,zdrav
Ilsa Swatton,9165036352,9969 Dayton Circle,28.03.2020,zdrav
Thaddus Powdrill,0565262629,3 Gulseth Drive,20.03.2020,zdrav
Terrence Brahams,0128872888,846 Barnett Crossing,02.04.2020,bolnik
Caril Placide,3306300349,41968 Heath Terrace,13.03.2020,bolnik
Jessee Barniss,5503878655,2 Meadow Ridge Street,13.03.2020,zdrav
Calhoun Michelmore,3283230692,364 Charing Cross Hill,06.02.2020,zdrav
Sharla McAulay,7014403176,4 Summit Crossing,19.04.2020,bolnik
Gaston Fevier,4601222680,6928 Bluestem Court,29.04.2020,zdrav
Reeta Bannell,7918776801,42 Buena Vista Place,02.02.2020,zdrav
Tammara Wales,8854807079,8 Luster Lane,08.04.2020,zdrav
Bayard Elsmere,8488912315,9 Crest Line Drive,11.03.2020,bolnik
Mannie Marcombe,5697696396,06841 Monument Crossing,31.03.2020,zdrav
Fidole Barendtsen,2976195463,6855 Manitowish Park,25.02.2020,bolnik
Flin Jacqueminet,3106751142,20338 Loomis Parkway,13.03.2020,bolnik
Deanna Volonte,7474341387,399 Mifflin Crossing,02.04.2020,zdrav
Cathyleen Twiggins,2128326397,14 Anhalt Lane,07.02.2020,zdrav
Anet Libbis,8543734444,17 Sherman Parkway,06.04.2020,zdrav
Demetria Fidelus,2510691260,1793 Meadow Valley Place,22.03.2020,zdrav
Bud De L'Isle,8661000416,7 Daystar Drive,02.02.2020,zdrav
Cami Hallward,7479944691,25 Cambridge Plaza,22.04.2020,zdrav
Jewell Itzkovici,3522232518,3 Bartelt Plaza,05.02.2020,zdrav
Sybille Scatchard,6698403032,1447 Susan Alley,24.03.2020,zdrav
Bob Bagehot,4816339329,682 Shasta Avenue,04.04.2020,zdrav
Eddie Phant,1121873200,18075 Sugar Place,10.02.2020,zdrav
Alica Roache,7629574347,3 David Road,23.04.2020,zdrav
Kaylyn Wickersham,0120571064,59 Birchwood Hill,25.04.2020,zdrav
Perri Crossthwaite,1789516021,61 Sheridan Drive,17.02.2020,zdrav
Mallorie Galea,9327824679,3 Hayes Parkway,07.03.2020,zdrav
Zara Symondson,3001731540,09691 5th Point,15.03.2020,zdrav
Dwight Napleton,6212392439,12418 Tony Road,29.04.2020,zdrav
Duke Story,9608184436,330 Nancy Road,27.03.2020,zdrav
Kasper Kibel,9782814687,8 Hoepker Trail,20.04.2020,zdrav
Sam Earnshaw,3083183135,43 Scott Circle,06.04.2020,zdrav
Wendy Gother,4329934132,8 1st Parkway,21.03.2020,zdrav
Mildred Stouther,3552502343,368 Messerschmidt Terrace,28.02.2020,zdrav
Coleman Pountney,1048663507,920 Judy Point,15.02.2020,zd_delavec_na_dolznosti
Cleon Malser,2486157956,2 Delladonna Lane,05.04.2020,zdrav
Clari Polson,0091795648,777 Hanover Place,25.02.2020,zdrav
Rudolf Loxly,1016828659,8 Dunning Terrace,05.03.2020,zdrav
Fanechka MacLleese,8178496682,638 Mandrake Lane,28.02.2020,zdrav
Ania O'Shea,0435226967,4 Elmside Road,07.03.2020,zdrav
Rossy Billitteri,5403452427,773 Cambridge Drive,10.04.2020,zdrav
Sholom Nigh,0498790592,55 Meadow Ridge Drive,18.02.2020,zdrav
Deidre Kraut,6065608491,81 Waxwing Plaza,20.04.2020,zdrav
Noemi Ellcome,7895417681,2924 Main Point,11.03.2020,zdrav
Olag Coffin,1372357718,89 Burrows Crossing,17.02.2020,zd_delavec_na_dolznosti
Jonathan Marchent,9662097899,9 Hovde Plaza,22.03.2020,zdrav
Lana Parman,9905040048,368 Russell Court,26.02.2020,zdrav
Rebbecca Greep,4619988006,079 Hollow Ridge Pass,28.02.2020,zdrav
Shadow Doubleday,1630011738,5874 3rd Hill,27.04.2020,zdrav
Aimee Pflieger,8247755645,3 Leroy Hill,17.02.2020,zd_delavec_na_dolznosti
Fancy Larkings,8625104886,2 Manufacturers Road,22.04.2020,zdrav
Reggis Robertson,0642706743,0587 Basil Alley,18.04.2020,zdrav
Latrina Stark,7644662995,159 Nancy Hill,26.04.2020,zdrav
Toby Marchello,1540200043,85684 Welch Terrace,06.03.2020,zdrav
Liane Mayfield,8504546624,9 Fair Oaks Drive,12.02.2020,zdrav
Lorianna Carillo,5095984865,2208 Old Shore Street,26.02.2020,zd_delavec_na_dolznosti
Kyle Minchinton,0871690209,29 Fair Oaks Avenue,30.03.2020,zdrav
Riannon Maccari,2831568498,302 Sutteridge Road,12.04.2020,zdrav
Xymenes Powrie,9073346711,3408 Dixon Drive,10.02.2020,bolnik
Rosamund Johnsey,0991905326,3 Hayes Trail,26.03.2020,zdrav
Hal Milby,8358351410,3 Crowley Hill,05.04.2020,zdrav
Mareah Harvett,1766191231,538 Manufacturers Circle,17.04.2020,bolnik
Antonina MacIlhargy,1482891298,314 Gerald Alley,07.02.2020,zdrav
Bengt Bandy,0908845553,95372 Stone Corner Trail,19.02.2020,zdrav
Giselle Bartol,2614193151,4924 Fair Oaks Way,15.02.2020,zdrav
Heinrick Schreurs,3205621581,7744 Sunnyside Lane,08.04.2020,zdrav
Jeromy Gouth,5930666121,740 Union Way,14.04.2020,zdrav
Marion Naseby,8883596323,0 Brickson Park Parkway,30.04.2020,zdrav
Elliott Falks,5253459642,0 Onsgard Junction,29.04.2020,zdrav
Travis Johnikin,9651154470,08 Bunting Pass,06.02.2020,zdrav
Cy Mound,6825483153,1066 Luster Drive,09.02.2020,zd_delavec_na_dolznosti
Jeniece Fidelus,8180587487,9301 Green Ridge Trail,30.04.2020,zdrav
Sheffield Helleker,9621856418,28247 Northview Way,10.02.2020,zd_delavec_na_dolznosti
Alfreda Dominec,2926299702,62 Spohn Plaza,20.02.2020,zdrav
Glory Carleman,2778648771,58 Kenwood Trail,28.03.2020,zdrav
Cordelie Beteriss,9989788820,280 Huxley Avenue,07.04.2020,zdrav
Jabez Tune,6425516933,0 Elgar Center,23.04.2020,zdrav
Conny Ceely,3057467571,4 Monterey Trail,22.02.2020,zdrav
Lisha Blue,0455802661,889 Acker Place,22.04.2020,zdrav
Hubie Nolleth,3414691175,06730 Farragut Crossing,10.02.2020,zdrav
Clerissa Bellis,6173957809,224 Ruskin Crossing,26.03.2020,zdrav
Melany Freddi,9200546471,33017 Carpenter Circle,01.03.2020,zdrav
Mattie Trenam,4436702332,76 Calypso Drive,12.03.2020,zdrav
Neils Ferres,5887053429,15 Main Avenue,25.04.2020,zd_delavec_na_dolznosti
Galvan Barkley,7630917163,092 Shoshone Terrace,13.04.2020,zdrav
Velvet Duckering,0760619832,11384 Fuller Parkway,29.04.2020,bolnik
Belicia Buckbee,2626531448,8538 Sutteridge Drive,25.03.2020,bolnik
Charles Stapford,4232493158,3 Arizona Circle,18.02.2020,zdrav
Loutitia Brumbye,8863930929,1770 Arizona Avenue,05.02.2020,zdrav
Rosalinda Bes,1406767840,50 Esch Hill,01.03.2020,zdrav
Mil Ebdon,3136972716,8 Memorial Court,29.04.2020,zdrav
Correy Sonnenschein,6076942290,9056 Armistice Terrace,22.04.2020,zdrav
Jermaine Kerne,1720627517,0 Luster Point,07.04.2020,bolnik
Roderic Skein,2846804729,56056 Ramsey Circle,03.02.2020,zdrav
Neda Gerrelts,3009850131,742 Eastwood Drive,23.04.2020,zdrav
Nari Rabbitts,6081708535,2584 Menomonie Drive,20.03.2020,zd_delavec_na_dolznosti
Micheil Dodswell,2673155341,35 Springview Drive,05.02.2020,zdrav
Etta Whiterod,6195337005,68 Dexter Drive,02.03.2020,zdrav
Bernita Kells,0189558024,629 Graceland Crossing,22.04.2020,zd_delavec_na_dolznosti
Codi todor,2841733742,0 Blackbird Trail,03.02.2020,bolnik
Phillis Phillipson,3361451523,322 Delaware Point,20.02.2020,zdrav
Maurie Allnatt,9880320336,308 Kedzie Avenue,12.02.2020,bolnik
Oliver Keddie,9524761971,05 Butternut Park,30.04.2020,zdrav
Giffie Simonetto,1547702265,18107 Dixon Park,03.04.2020,zdrav
Ario Padgham,4658766337,8 Brown Junction,06.03.2020,zd_delavec_na_dolznosti
Phaidra Whinray,6354839972,122 Anzinger Parkway,28.02.2020,zdrav
Moreen Twell,3779856913,70 Clyde Gallagher Trail,26.04.2020,zdrav
Oswald Beckenham,4414870372,825 Holmberg Place,07.04.2020,zdrav
Alisa Dakhov,6476334603,0 Esker Way,07.03.2020,zdrav
Ladonna Blodg,5490263008,1 Hoard Plaza,08.03.2020,zdrav
Aleta Luckett,7657001380,4832 Dixon Lane,26.02.2020,zdrav
Kathye Stirton,8310670869,5 High Crossing Alley,23.04.2020,zdrav
Darrelle Medford,8178174790,6782 Huxley Street,01.03.2020,zdrav
Shay Girt,3794595203,23035 Tennyson Lane,15.04.2020,bolnik
Doris Garken,1756449910,44489 Crowley Way,19.03.2020,zdrav
Walther McConaghy,3053320169,99 Roth Place,25.03.2020,bolnik
Winfred Hryskiewicz,9976135874,8536 Meadow Valley Way,23.03.2020,zdrav
Paolina Raggatt,9696602340,93 3rd Pass,20.02.2020,zdrav
Caren Lamerton,9710775111,035 Calypso Place,08.04.2020,bolnik
Harriette Phillp,7194425033,8858 Comanche Place,11.02.2020,zdrav
Catlaina Goad,5616388882,0511 Brown Pass,19.02.2020,zdrav
Ryun Menure,1364748770,9 John Wall Crossing,14.03.2020,bolnik
Vinson Radborn,6422527527,3 Buena Vista Street,09.03.2020,zdrav
Auroora Salliere,5683261899,72850 Morrow Place,02.04.2020,zd_delavec_na_dolznosti
Lavina Stearns,6264069159,1 Nobel Terrace,20.04.2020,zdrav
Marylin Caird,5168245420,78855 Laurel Place,11.03.2020,zdrav
Velma Gibbett,7176412332,707 Monica Center,01.04.2020,zdrav
Betsey Handrok,4152578556,470 Loftsgordon Point,26.02.2020,zdrav
Gerrilee Proudley,1805873032,6957 Manufacturers Drive,18.03.2020,zdrav
Janeta Pinches,4350942696,28249 Sunfield Avenue,27.02.2020,zd_delavec_na_dolznosti
Cherianne MacAdam,8583697418,28787 Del Sol Place,15.02.2020,zdrav
Annadiane Armin,6369589020,49 Hayes Road,14.03.2020,zdrav
Charmine Maddern,5043905891,84 Ludington Plaza,21.03.2020,bolnik
Baxie Kigelman,7904461625,14 Lyons Hill,24.02.2020,zdrav
Torrance Penddreth,4255749337,4837 Arkansas Crossing,21.02.2020,zdrav
Otis Maxwell,4625894468,20 Declaration Junction,18.03.2020,zdrav
Chrotoem Blackeby,8932261075,1 Chinook Crossing,05.04.2020,zdrav
Charlton Jenoure,1973452138,4 Montana Road,10.04.2020,zd_delavec_na_dolznosti
Noble Giovannazzi,9959800288,4 Roth Alley,12.02.2020,zdrav
Gleda Doers,3279370485,78 Forest Point,28.03.2020,zdrav
Clerissa McGinty,7884583488,7 Melby Way,09.02.2020,zd_delavec_na_dolznosti
Olivia Thon,7743373401,9 Annamark Parkway,26.04.2020,zdrav
Kara-lynn Normant,8723480254,797 Spaight Hill,16.02.2020,zdrav
Grace Grellier,5405711101,57 Canary Point,30.04.2020,zdrav
Bernette Martinolli,2233737776,0765 Shasta Alley,04.04.2020,zdrav
Wald Oakenfull,2454313006,0 Brentwood Hill,25.02.2020,zdrav
Joli Erat,3333561808,1 Mallory Court,24.03.2020,zd_delavec_na_dolznosti
Bennie Vieyra,5944873507,18452 Russell Crossing,11.04.2020,zdrav
Clarita Simenet,5070333054,3278 Sycamore Drive,15.03.2020,bolnik
Mirabella Spataro,0206924364,907 Pine View Circle,14.03.2020,zdrav
Norbert Stirton,0862078989,15086 Eggendart Trail,24.04.2020,zdrav
Randy Gaunt,6229207230,3 Reindahl Lane,01.02.2020,bolnik
Bart Chadwin,8627896313,24978 Warbler Alley,19.02.2020,zdrav
Aldis Longfellow,8351620416,910 4th Street,02.04.2020,zdrav
Kelvin Stud,6615704994,84 Raven Park,30.03.2020,bolnik
Tudor Oselton,7015638479,66 Hudson Park,04.04.2020,bolnik
Morris Hildrew,4192298465,673 Miller Parkway,11.02.2020,zdrav
Dominica Gerish,4003792238,657 Golden Leaf Point,16.04.2020,zd_delavec_na_dolznosti
Felicle Larham,0268163340,17 Glacier Hill Lane,01.02.2020,zdrav
Conny Bossom,6947971454,5859 Farmco Plaza,07.04.2020,bolnik
Jarrod Jelks,2350493849,39 3rd Pass,25.04.2020,zdrav
Donall Gerhartz,4557852963,56 Scoville Street,02.02.2020,zdrav
Clarette Joderli,4781649351,489 Corry Point,05.02.2020,zdrav
Brina Dungey,1652388176,28 Mandrake Court,02.02.2020,zdrav
Armando Raulstone,6006266210,789 Talmadge Hill,13.02.2020,zdrav
Byran Maccraw,8286408004,3 Rigney Lane,18.03.2020,zd_delavec_na_dolznosti
Duffy Dibdale,6274434860,31165 Green Terrace,28.03.2020,zdrav
Zondra Bodemeaid,1753893062,2773 Menomonie Street,04.03.2020,zdrav
Sancho McGarry,9460803377,45517 Sutteridge Crossing,16.02.2020,zdrav
Kelci Kyd,0174342918,8336 Debs Point,24.03.2020,zdrav
Galvan Farlambe,0227812557,94810 Merchant Point,01.04.2020,zdrav
Reinold Theobald,0600004929,0 Myrtle Place,13.04.2020,zdrav
Annelise Merrill,1178382354,4 Dunning Pass,16.04.2020,zdrav
Daron Butterfield,9089522492,80 Acker Terrace,04.04.2020,zdrav
Witty Westall,3284958258,54430 Farragut Avenue,10.02.2020,zdrav
Harv Buchanan,3924359830,9 Warner Court,15.02.2020,zd_delavec_na_dolznosti
Shirley Muscott,2664049623,676 Arrowood Trail,14.03.2020,zdrav
Duane Matteacci,4091397417,8897 Arkansas Lane,16.04.2020,zdrav
Octavius Lillie,3797805217,67542 Buena Vista Alley,25.02.2020,zdrav
Viviana Greig,1141830604,4150 Fairfield Pass,03.02.2020,zdrav
Lurleen Gillman,1712090135,4048 Moose Place,07.02.2020,zdrav
Marris Dain,3240514338,8440 Mendota Center,23.03.2020,zdrav
Alberta Millea,7655752176,92143 Homewood Drive,27.03.2020,zdrav
Amelie Strowthers,5431994387,735 Transport Parkway,10.03.2020,zdrav
Carlyle Goulthorp,9940328591,36 Bonner Pass,15.04.2020,bolnik
Marika Stanhope,0224350544,4710 Carpenter Hill,08.04.2020,zdrav
Mackenzie Favill,8114880430,42765 Grasskamp Street,23.03.2020,zd_delavec_na_dolznosti
Olivia Gerran,4370972264,8253 Stoughton Circle,07.04.2020,zdrav
Garvey Fenny,7803173160,8977 Johnson Lane,11.02.2020,zd_delavec_na_dolznosti
Rhetta Dunkerley,0587378204,07 Arkansas Pass,04.03.2020,zdrav
Siegfried Mawne,7111973712,39 Sundown Avenue,24.03.2020,zd_delavec_na_dolznosti
Tab Stanlack,8529747461,075 Warner Circle,11.03.2020,zdrav
Egbert Semmence,3603195000,134 Orin Trail,03.02.2020,zdrav
Yolane Faustin,3910020879,2178 Glendale Drive,12.02.2020,zd_delavec_na_dolznosti
Raff Deschlein,7446534516,26675 Valley Edge Crossing,12.04.2020,bolnik
Corny Sandall,4846853314,287 Scoville Lane,02.02.2020,zdrav
Artur Core,8133578000,4 Melvin Road,08.04.2020,zdrav
Romonda Hyrons,5691735152,209 Bellgrove Pass,13.02.2020,zdrav
Leicester Portis,7725679111,4822 Fairview Crossing,19.04.2020,zdrav
Teodora MacGuigan,5506959435,4 Sunbrook Trail,15.02.2020,zdrav
Martina Simmell,0155845446,62569 Garrison Hill,13.04.2020,bolnik
Nikolaos Ivetts,3069820727,7 David Avenue,17.02.2020,bolnik
Linnie Eliff,8456623881,4 Red Cloud Alley,06.03.2020,bolnik
Jere Zukierman,0865076642,86 Morningstar Place,27.02.2020,zdrav
Val Littleover,0877315221,6646 Lighthouse Bay Parkway,23.02.2020,zd_delavec_na_dolznosti
Keeley Ivashnyov,6993206722,5 Fallview Place,06.02.2020,zdrav
Konrad Zarfat,1898067937,0 Loftsgordon Court,29.04.2020,zdrav
Galven Fishly,5663459022,63573 Reindahl Drive,11.03.2020,bolnik
Stephana Bachelar,9969388398,5 Prairie Rose Parkway,12.04.2020,bolnik
Smith Campo,4868118218,77550 Warner Street,23.02.2020,bolnik
Stormi Bowler,5268741934,276 Ilene Place,27.04.2020,zdrav
Darlene Geere,8205297207,50 Carberry Alley,03.02.2020,zdrav
Skipton Goodale,0204029260,92279 Messerschmidt Court,10.04.2020,zdrav
Bianca Nend,3736548060,2996 Grasskamp Terrace,12.04.2020,zdrav
Kevan Volker,1499443897,637 Miller Street,24.04.2020,bolnik
Merci Vauter,5637937192,41 Novick Drive,03.02.2020,zdrav
Nellie Lethbrig,8315796313,763 New Castle Pass,19.04.2020,zdrav
Penrod Brookwood,4034090030,08475 Vahlen Road,28.02.2020,zdrav
Jory Belchem,2408195160,6866 Grayhawk Road,12.03.2020,zdrav
Theresita Gumm,5410939735,0928 Novick Center,02.03.2020,zdrav
Bertrand McGirl,2584205998,5 Banding Point,14.02.2020,zdrav
Dougy Kitchenham,9424286481,1 Southridge Lane,24.04.2020,zdrav
Doris Gerram,3211083480,09086 Superior Parkway,23.02.2020,zdrav
Burg Glason,3623193445,370 Blaine Plaza,11.04.2020,zdrav
Alric Brimmell,6566710868,49611 Debra Center,13.02.2020,zdrav
Ennis Kiledal,8311307792,51349 Milwaukee Place,23.04.2020,zdrav
Candie Lacase,6912606458,799 Macpherson Pass,25.03.2020,zdrav
Rodge Echalier,6306134123,57779 Upham Lane,26.02.2020,zdrav
Rupert Filson,0891962654,319 Meadow Vale Plaza,02.04.2020,zdrav
Cari Nurden,5696346871,07 Twin Pines Plaza,12.02.2020,zdrav
Verile Tombs,1757170693,15025 Coolidge Road,19.03.2020,zdrav
Feliks Schneidau,0840869029,12186 Erie Way,11.04.2020,zdrav
Ricky Woollends,1338231472,4 Memorial Crossing,17.04.2020,zd_delavec_na_dolznosti
Alfredo Straine,2924790654,1 Clove Hill,18.03.2020,zdrav
Mal Maffini,5987903165,1466 Paget Lane,13.04.2020,zdrav
Benyamin Broadbent,3106390123,0 Blackbird Street,25.02.2020,zdrav
Derry Gregorowicz,3072183864,28216 Moulton Pass,12.04.2020,zd_delavec_na_dolznosti
Daphne Gainseford,8529808207,264 Eagle Crest Center,03.03.2020,zdrav
Aarika Goalby,7881218835,78 Ronald Regan Terrace,25.03.2020,zdrav
Bertine Dexter,9122277293,2 Chinook Crossing,08.02.2020,zdrav
Sher Burston,3616248205,618 Luster Pass,10.02.2020,zdrav
Gisele Janaszewski,8094467320,492 Burrows Crossing,11.02.2020,zdrav
Mariana Dominichetti,2056980606,917 Blackbird Lane,28.04.2020,zdrav
Lorry Shrimpton,4552482548,198 Montana Crossing,16.03.2020,zdrav
Creight MacInnes,8210831852,01 Chive Drive,14.04.2020,bolnik
Lanette Yankin,7454813771,1 7th Road,19.02.2020,bolnik
Sullivan Feldmark,2907468022,0997 Golf View Street,03.02.2020,zdrav
Shandie Dahlen,5361784206,13594 West Place,02.03.2020,zdrav
Shepard Moreton,1840372109,483 Ronald Regan Park,08.03.2020,bolnik
Mechelle Runchman,2087870640,6713 Helena Hill,03.03.2020,zdrav
Barth Altham,8880699601,48233 Meadow Vale Road,01.04.2020,zdrav
Ame Verrills,0213004798,0 Redwing Way,10.02.2020,zdrav
Benjamen Hackford,3261996773,29845 Barby Crossing,25.04.2020,zdrav
Steve Zorzenoni,1072731045,3 Carberry Center,02.03.2020,zdrav
Claudetta Cossans,7285764124,5 Miller Crossing,01.03.2020,zdrav
Deina Fedynski,1818557789,85964 Grasskamp Place,06.03.2020,zdrav
Dorie Huonic,3761903030,57977 Ridgeway Alley,04.04.2020,zdrav
Terrel Obbard,8001852547,0 Spaight Circle,19.02.2020,zdrav
Shandee O'Lenane,7040307278,55 Dapin Parkway,17.04.2020,zd_delavec_na_dolznosti
Bert Barkley,6340227856,6 Brentwood Hill,19.02.2020,bolnik
Elizabet Gonnely,9529706871,86 Homewood Avenue,28.03.2020,zdrav
Ramsey Rispine,5574441454,2170 Vera Alley,01.03.2020,zdrav
Harley Boliver,2209466296,77471 Homewood Junction,08.03.2020,bolnik
Nikita Erasmus,9539272300,7 Lighthouse Bay Lane,12.02.2020,bolnik
Anabelle Jeafferson,7772600488,2217 Warrior Hill,03.04.2020,zdrav
Thor Ashpole,4436967360,53823 Elmside Alley,07.03.2020,bolnik
Millard Biagi,9233781895,8 Mallard Place,25.02.2020,bolnik
Meridel Leys,5272488253,3404 Stoughton Junction,31.03.2020,zdrav
Antone Gadsden,4617332227,77 Declaration Park,07.02.2020,zd_delavec_na_dolznosti
Kameko Bresson,9214873186,21 Monument Junction,30.04.2020,zdrav
Lynna Aysik,5137673056,6 Mccormick Center,10.03.2020,zdrav
Avie Stetlye,6461389342,3 Moland Terrace,06.04.2020,zdrav
Anjela Mourant,2857785224,42368 Armistice Drive,29.03.2020,zdrav
Juliana Appleyard,6321160385,9 Monument Lane,24.03.2020,zd_delavec_na_dolznosti
Myra Faltin,3324282128,8 Forest Run Lane,17.03.2020,zdrav
Wye Krugmann,0005276055,06369 Spohn Road,12.03.2020,zdrav
Charita Kittle,8095127094,04559 Esch Avenue,17.03.2020,bolnik
Nanni Adamou,8805501212,45477 Tennessee Center,29.04.2020,bolnik
Doralynn Garmons,9805338983,28 Del Mar Road,07.04.2020,zdrav
Carolan Glasscott,7065102254,36067 Sycamore Drive,06.04.2020,zd_delavec_na_dolznosti
Brigham Garrals,8008419822,02635 Morning Way,15.02.2020,zdrav
Rowan Bushell,6371975412,6 Texas Avenue,09.04.2020,zdrav
Nikolaos Sullly,3359724623,0 Norway Maple Way,04.03.2020,zdrav
Vanya Bullan,7487839826,8 Linden Lane,20.02.2020,bolnik
Beulah Rebbeck,6449761687,785 Bobwhite Park,11.02.2020,zdrav
Onfre Brunger,1165467127,00595 Schmedeman Road,11.04.2020,bolnik
Barry Hunnywell,7922587120,89783 Lindbergh Street,02.04.2020,zdrav
Ethelda Kimmons,1042876843,52093 Rockefeller Road,15.02.2020,zdrav
Alfie Binford,9990678391,86462 Eagle Crest Pass,27.04.2020,bolnik
Urbain Emmines,3986632255,182 Huxley Lane,17.04.2020,zdrav
Nicolas Dot,4981888538,8281 Helena Parkway,26.02.2020,zdrav
Ranna Rickaert,2247037356,5697 Macpherson Crossing,22.02.2020,zd_delavec_na_dolznosti
Lory Braney,1510976582,362 Express Pass,11.03.2020,zdrav
Shayla Murrish,0589875833,5 Pierstorff Court,27.03.2020,zdrav
Ichabod McSharry,3919591240,1331 Waxwing Avenue,22.04.2020,zdrav
Karl Elesander,9344660077,5247 Farragut Point,19.04.2020,zdrav
Gran Nuttall,8218578803,988 Summerview Place,25.02.2020,zdrav
Elvyn Trelease,7109748952,435 Hoepker Center,20.04.2020,zdrav
Kara-lynn Bunyan,4693978647,3 Merry Way,29.03.2020,zdrav
Joane Bott,4134331927,27019 Hoard Alley,27.03.2020,zdrav
Tarrah Whitton,8469100734,97 Grover Circle,23.04.2020,zdrav
Gwyneth Averies,8196312350,4674 Nevada Crossing,04.04.2020,zdrav
Ginny Dalyell,4901238469,1203 Dexter Terrace,10.03.2020,zdrav
Amalee Lukianovich,2236983379,2818 John Wall Center,26.02.2020,zdrav
Janith Ilott,6957501000,41 Fuller Avenue,23.02.2020,zdrav
Peggie Aston,1326495038,9908 Iowa Place,07.03.2020,zd_delavec_na_dolznosti
Danette Fosten,8810740696,0550 Logan Pass,05.03.2020,zdrav
Sibylle Bromwich,0934539499,64 Rowland Court,22.03.2020,zdrav
Faun Pollitt,5527126998,66 Wayridge Point,18.02.2020,bolnik
Lotte Muriel,9426236090,3147 Mallard Junction,29.04.2020,zdrav
Jolie Bromfield,1150264853,876 Eagle Crest Junction,18.03.2020,zd_delavec_na_dolznosti
Hendrika Fishburn,6446524137,403 Kedzie Crossing,29.04.2020,zdrav
Cindy O' Kelleher,2129069738,08751 Main Park,28.02.2020,zdrav
Flynn Roumier,1539454495,21795 Leroy Hill,20.02.2020,bolnik
Mellie Aickin,9620904664,37 Autumn Leaf Parkway,22.04.2020,bolnik
Marylou Styles,6588798059,4784 Ridgeway Court,30.03.2020,zdrav
Francesca Peealess,7574985065,9 High Crossing Terrace,03.02.2020,bolnik
Wilburt Nornable,8295364952,7989 Memorial Park,30.04.2020,zdrav
Whittaker O'Brogan,5702816889,9 Westerfield Pass,19.03.2020,zdrav
Rosalie Spittal,2027692150,1 Knutson Road,13.04.2020,zdrav
Lauritz Fanshawe,4343229173,86 Sherman Trail,16.02.2020,zdrav
Owen Sidwick,4361692874,9212 Bashford Lane,16.04.2020,zdrav
Morley Willers,9377128943,1765 Glacier Hill Trail,17.04.2020,bolnik
Shelia Grand,9088765154,85 Schurz Road,25.04.2020,zd_delavec_na_dolznosti
Alberto Pimblott,3038891045,627 Killdeer Plaza,19.02.2020,zdrav
Wittie Wyldes,9144834241,66 Cody Crossing,06.02.2020,bolnik
Cozmo Neles,3490861205,34 Cody Trail,28.03.2020,zdrav
Jessee Negro,4750594601,515 Loeprich Way,18.04.2020,bolnik
Kermy Vanshin,7787544813,9518 Hanson Street,04.04.2020,zdrav
Edin Gligorijevic,7729704609,83 Carey Circle,11.03.2020,zdrav
Berkeley Scarratt,7949152974,3517 Grasskamp Junction,09.03.2020,zdrav
Lynnelle Goodwyn,2459478372,07 Donald Way,28.02.2020,zdrav
Gris Moar,8596138706,1953 Rieder Lane,19.03.2020,zdrav
Emmye Dyzart,5696123988,5671 Shoshone Terrace,16.02.2020,zdrav
Irvine Hanner,7895944460,6 Carioca Plaza,14.03.2020,zdrav
Cherey Iacopo,4727130335,985 Crest Line Street,01.04.2020,zdrav
Ewart Jagson,4528550415,8522 Southridge Plaza,11.03.2020,zdrav
Kessiah Geeves,1438310862,46522 Onsgard Pass,24.04.2020,zdrav
Cosme Chidler,7017310489,4043 Village Green Hill,24.04.2020,zdrav
Aubert Jerrim,5216620249,2 Thackeray Road,03.04.2020,zdrav
Kaylee Coppo,7002200046,66984 Summerview Avenue,18.02.2020,zdrav
Robby Tomanek,3308039567,7209 Carioca Way,03.03.2020,zdrav
Lauryn Keveren,4616862567,4843 Welch Circle,28.02.2020,zdrav
Nickey Soutar,9751846560,58734 Hollow Ridge Lane,24.04.2020,zdrav
Ursa Donisthorpe,1613113072,3734 Red Cloud Terrace,24.02.2020,zdrav
Giavani Leneve,3491140978,45 2nd Junction,12.04.2020,zdrav
Nancy Brendeke,3430317991,0040 Iowa Drive,22.04.2020,bolnik
Evania Steen,6745015986,4656 Westend Parkway,13.02.2020,zdrav
York Smittoune,7993358507,522 Sunbrook Terrace,29.04.2020,zdrav
Brandais Skakunas,2072409373,3 Morrow Center,06.04.2020,zdrav
Costa Amies,2309375365,40 Mandrake Trail,02.04.2020,zdrav
Steffi Meakes,2083820347,2 Loomis Drive,20.02.2020,zdrav
Carlie Shovelton,7325649118,93933 Manufacturers Crossing,06.03.2020,zdrav
Marsh O'Lennachain,2030282480,63 Division Court,26.02.2020,zdrav
Amaleta Hatt,7334879414,394 Kings Place,17.03.2020,zdrav
Ethe Ayllett,8988668782,7052 Lakewood Street,02.04.2020,zdrav
Elijah Tweddle,1917551312,1210 Huxley Center,26.03.2020,bolnik
Hildegarde Croix,9141022203,82883 Norway Maple Street,06.02.2020,bolnik
Nat Dunlea,7763941790,5514 Sachtjen Junction,27.04.2020,bolnik
Marcella Faulkner,5813380841,1979 Heffernan Terrace,06.04.2020,zdrav
Benita Errett,2833293518,4 Monterey Center,05.02.2020,zdrav
Lynna Pagnin,2885046430,35 Golf View Drive,11.02.2020,zdrav
Anne Elloy,9239840559,7172 Spaight Hill,24.02.2020,bolnik
Jania Amiable,0337524432,0 Green Avenue,23.04.2020,bolnik
Wyndham Penniall,2315973325,2018 Garrison Hill,14.04.2020,bolnik
Hulda Yarnley,6182210494,2096 Granby Center,06.03.2020,zdrav
Isabelle McGinley,0725746718,1 Goodland Drive,15.04.2020,zdrav
John Allday,0072329882,412 Center Place,01.03.2020,zdrav
Brod Sterry,7139136971,94360 Everett Crossing,20.03.2020,zdrav
Bax Thunders,2771211564,56422 Eggendart Crossing,15.03.2020,zdrav
Clovis Sjollema,7535300642,497 Mayfield Hill,29.02.2020,zdrav
Gian Matousek,1824626703,69678 Linden Plaza,28.04.2020,zdrav
Garrot Sherbourne,4394193729,935 Logan Plaza,02.04.2020,bolnik
Conrad Gerish,3622408251,86 Welch Junction,06.04.2020,bolnik
Giorgio Fonzo,7637133133,95 Thompson Crossing,04.04.2020,bolnik
Elwyn Alexsandrowicz,1983699063,92362 Lawn Road,20.02.2020,zdrav
Mattheus Arpe,1593838107,73 Mcbride Pass,22.02.2020,bolnik
Anet Kenworthy,1629697346,4051 Ludington Park,21.03.2020,bolnik
Katee Childes,3878741944,3 Carpenter Pass,12.02.2020,bolnik
Marni Eteen,0893940666,81131 Monument Hill,29.04.2020,zdrav
Luce Poll,1286799880,0464 Elmside Parkway,07.03.2020,zdrav
Dorrie Bernade,6920220911,911 Merry Pass,16.04.2020,zdrav
Corney Pummery,1154685756,3 Menomonie Trail,24.03.2020,zdrav
Madelin Peacop,5330576725,94777 Parkside Point,17.03.2020,zdrav
Valentine Udden,5155822564,0 Dennis Hill,05.02.2020,bolnik
Darcie Chidler,1747378410,8 Little Fleur Point,20.04.2020,zd_delavec_na_dolznosti
Valina Pickless,7041667413,554 Ohio Crossing,21.03.2020,zdrav
Yulma Cressey,9342402909,786 Colorado Crossing,20.04.2020,zdrav
Reube Hembry,3667342403,17446 Trailsway Terrace,02.04.2020,zdrav
Betta Coady,5469314693,966 Nevada Trail,24.04.2020,bolnik
Nikoletta Arber,1933012749,317 Hoard Lane,21.04.2020,zdrav
Claudetta Rodrigo,7399022003,54931 Moland Plaza,01.03.2020,bolnik
Harmon Imlacke,0851767621,03 Jay Plaza,22.03.2020,zdrav
Gorden Haddon,9681351142,824 Maywood Center,13.02.2020,zdrav
Gordan Laycock,7270737533,84 Summerview Street,03.03.2020,zdrav
Kerrie Blind,0753361736,35 Pine View Alley,14.02.2020,zdrav
Rinaldo Farn,8159062257,8871 Southridge Way,08.03.2020,zdrav
Alma MacAvaddy,0939354691,78932 Kipling Hill,22.04.2020,bolnik
Carney Petchell,3076298003,8172 Basil Terrace,10.04.2020,zdrav
Audre MacKain,9169937001,87865 Crownhardt Hill,10.04.2020,zdrav
Eryn Gerritsma,3468108060,37 Maple Lane,10.03.2020,zdrav
Flynn Mayoh,3027196073,7276 Rigney Way,22.02.2020,bolnik
Abbot Scatcher,0145656047,42 Lawn Park,25.02.2020,zdrav
Steven Harvett,0066877474,426 Union Avenue,30.04.2020,zdrav
Thatch Girtin,1634749316,0 Corry Road,07.02.2020,bolnik
Lydie Bachman,4736344407,59336 Cordelia Terrace,24.04.2020,zdrav
Cleopatra Dobney,5623410952,9790 Carey Trail,02.04.2020,zdrav
Gay Caldeiro,5183174733,5 Roth Street,01.04.2020,zdrav
Noble Tarrant,2940612331,949 Lake View Drive,29.03.2020,zdrav
Elysee Wiles,0658068814,6242 Weeping Birch Lane,24.02.2020,zdrav
Booth Wadforth,0283272910,154 Golden Leaf Point,28.03.2020,zdrav
Bab Kingcote,6761226686,3 Esch Hill,14.04.2020,zdrav
Rosene Gell,8133412374,90364 Truax Road,27.02.2020,zdrav
Claudian Graffin,5824883084,941 Sage Drive,29.04.2020,zdrav
Mellie Dimitrie,4868137301,8040 Hoepker Avenue,26.04.2020,zdrav
Beauregard Cossor,9215275088,9 Sunnyside Junction,17.03.2020,zdrav
Golda Riches,0351304061,7 Kensington Junction,02.03.2020,zdrav
Kare Bernardi,0791086550,0489 Meadow Ridge Pass,19.02.2020,zdrav
Augustin Seedhouse,3783228387,93 Dovetail Plaza,29.02.2020,zdrav
Gil Mahmood,9679313999,044 Ridgeway Terrace,25.03.2020,zd_delavec_na_dolznosti
Beltran Allbut,8476553218,55 Westridge Parkway,30.04.2020,zdrav
Rozamond Troillet,8043894620,02321 Hovde Pass,01.02.2020,bolnik
Boycie Hamments,7916264242,0 Everett Center,11.02.2020,zdrav
Jesus Hantusch,1600953840,4383 Lukken Hill,22.04.2020,zdrav
Norry Sheepy,1967753083,567 Goodland Drive,30.04.2020,bolnik
Beverley Louca,2076183736,5 Montana Circle,23.03.2020,zdrav
Lukas Quartermaine,7423302368,1814 Sherman Lane,03.02.2020,zdrav
Christiana Bollins,2023075319,4 Fieldstone Way,01.02.2020,zdrav
Lottie Drinkall,8596951466,560 Haas Court,17.03.2020,zdrav
Garrot Parkisson,0720966213,55 Hallows Pass,07.03.2020,zdrav
Tye McCaffrey,8866051225,5 Barby Plaza,14.03.2020,zdrav
Carling Arondel,9553392156,5086 Annamark Pass,15.04.2020,zdrav
Obediah Gillespie,5793379266,56 Colorado Circle,25.03.2020,zdrav
Reece Turney,1823633161,36743 Del Sol Trail,08.03.2020,zdrav
Ana Petzolt,5275661975,1059 Riverside Place,11.04.2020,bolnik
Audre Skin,2970450445,8 Columbus Street,19.03.2020,bolnik
Grissel Hebner,6117811675,6 Sommers Trail,20.03.2020,zdrav
Caspar Martinez,8243193596,5446 Petterle Hill,15.02.2020,zdrav
Venus McGeouch,2595808397,5579 Rusk Road,22.03.2020,zdrav
Freda Vasler,5634823684,3 Bay Point,21.02.2020,zdrav
Spenser Lapping,7910691580,9 Boyd Avenue,02.03.2020,zdrav
Desi Clifford,2766832394,8718 Dahle Junction,01.02.2020,zdrav
Calypso Hartgill,0322553563,7 Buell Terrace,19.03.2020,zdrav
Kellen Guenther,8215433073,062 Orin Court,10.02.2020,zdrav
Ainslie Lacknor,4520502780,427 Birchwood Circle,18.02.2020,zdrav
Melissa Raiman,0749171642,3 Chive Pass,20.04.2020,zdrav
Putnem Pardoe,5845609062,41 Hauk Park,10.04.2020,zdrav
Madalena Loadwick,1538650819,2625 Birchwood Plaza,28.04.2020,zdrav
Bree Raoul,9208856453,9 American Pass,16.04.2020,zdrav
Daryl Leckenby,1586307037,89 Jay Parkway,16.04.2020,zdrav
Barry Yurasov,1457994488,775 Buell Terrace,20.02.2020,bolnik
Madalena Wallis,7417407099,8485 Arapahoe Lane,26.03.2020,zdrav
Israel Scantleberry,0877995591,40 Hoard Center,23.02.2020,bolnik
Merill Hubbucke,6457872697,892 Thackeray Lane,23.04.2020,zdrav
Matti Mapledoore,9858865716,90 Crescent Oaks Junction,10.04.2020,zdrav
Renaldo De Witt,5952056474,41503 Evergreen Plaza,05.04.2020,zdrav
Randy Santry,3367303755,40 Artisan Alley,10.02.2020,zdrav
Myrtie Skipper,8189866699,74499 Fuller Court,22.03.2020,zdrav
Lari Clues,1168957532,506 Northview Trail,24.02.2020,bolnik
Arman Feighry,5755216789,1 Holmberg Plaza,11.02.2020,zdrav
Greg Khosa,5698195587,230 Gale Park,13.02.2020,zdrav
Shelia Foresight,3468524455,76 Crownhardt Pass,02.03.2020,zdrav
Morry Francescuzzi,8626054580,3 Kenwood Park,25.02.2020,zdrav
Freemon Iltchev,7122951596,5 Logan Court,14.04.2020,zdrav
Glen Jensen,0869639900,22 Northport Park,04.03.2020,zdrav
Sonnie Samet,7225074792,84277 7th Road,18.04.2020,zd_delavec_na_dolznosti
Michele Sayle,5362022059,628 Commercial Hill,21.04.2020,zdrav
Alleyn Ragat,3080799003,211 Grim Park,21.03.2020,zdrav
Tudor Durram,6759285166,6884 Kingsford Road,31.03.2020,zdrav
Tiphani Tack,2637036281,9050 Browning Point,23.04.2020,zdrav
Conny McLellan,7699770439,7482 Crest Line Alley,27.02.2020,zdrav
Gus Glentworth,3388376832,8 Eastwood Place,31.03.2020,zdrav
Natty Lyford,3056729939,7186 Scofield Place,11.04.2020,zdrav
Celine Cardon,9190022548,1228 Clarendon Alley,08.02.2020,bolnik
Angela Braysher,5156955312,984 Dennis Point,25.04.2020,zdrav
Lorraine Haselwood,3461380709,63 Fremont Plaza,13.02.2020,zdrav
Leone Forsythe,7549586225,04904 Bultman Terrace,28.04.2020,zdrav
Barn Perrottet,0385996721,35 Nelson Hill,15.03.2020,zdrav
Hartwell Alden,6732290290,26 Red Cloud Junction,23.02.2020,zdrav
Nickey Lintott,9852263145,5 Spaight Court,26.03.2020,zd_delavec_na_dolznosti
Stacee Mourgue,1536820350,3 Aberg Junction,22.02.2020,bolnik
Cinda Angric,0324621787,32139 Bluestem Trail,20.03.2020,zdrav
Clayton Glasscoo,4543344359,4 Warner Center,18.04.2020,zd_delavec_na_dolznosti
Orelie Ebben,0632401745,05998 Myrtle Terrace,12.02.2020,zdrav
Opaline Covotto,2202174796,790 Myrtle Hill,09.02.2020,bolnik
Cherye Laurisch,3694737987,90 Ramsey Alley,08.02.2020,zdrav
Joanne Petyanin,7653410847,26 Cherokee Parkway,09.04.2020,zdrav
Khalil Duddin,9934941600,86 Golf View Circle,19.04.2020,zdrav
Mendel Caton,9784077345,3 Paget Terrace,07.03.2020,zdrav
Morton Kingcott,2504117531,60522 Springview Point,07.04.2020,bolnik
Emmalee Casetta,4386754504,3 Moulton Court,13.04.2020,zdrav
Natale Mc Andrew,4078877893,21 Calypso Trail,19.03.2020,bolnik
Reena Salmons,8705889499,46034 Linden Circle,05.03.2020,zdrav
Jacobo Sokell,0697613054,8958 Helena Plaza,05.02.2020,bolnik
Zak Beamish,9044715062,6 Mayer Hill,03.03.2020,zdrav
Horst Lippatt,1199279366,893 Longview Drive,02.02.2020,zdrav
Muire MacInherney,3000676996,2715 Buhler Junction,01.02.2020,bolnik
Art Blaiklock,1081785292,83 Morning Court,02.03.2020,zd_delavec_na_dolznosti
Ermanno Everall,9968342238,6 Lakewood Point,28.02.2020,zdrav
Oriana Houseley,9696384165,93280 Becker Avenue,03.04.2020,zd_delavec_na_dolznosti
Cyril MacCrackan,0928929736,58 Duke Hill,13.03.2020,zdrav
Alix Welling,9253030313,97888 Hansons Terrace,28.02.2020,zd_delavec_na_dolznosti
Magdalena Wadeson,1886145903,9729 Coolidge Road,18.04.2020,zdrav
Shaylynn Belloch,5900499944,880 Clove Alley,16.03.2020,zd_delavec_na_dolznosti
Fitzgerald Dumelow,8653715185,70182 Shopko Avenue,13.04.2020,bolnik
Mair Drinnan,2315521408,357 Namekagon Place,15.03.2020,zdrav
Hildagard Beddin,7782385156,971 Troy Trail,29.02.2020,zdrav
Blane Stanbra,2229179357,5247 Butternut Terrace,25.02.2020,zdrav
Corey Volette,2827077175,321 Northridge Pass,08.02.2020,bolnik
Ryon Janic,0587387483,05108 Lakewood Alley,12.04.2020,zdrav
Alexandra Styan,4397464979,52 Kim Junction,21.04.2020,bolnik
Silva Standish,5342421462,29358 Garrison Way,15.04.2020,bolnik
Jaquenette Maccaig,7610941697,7 Basil Lane,31.03.2020,bolnik
Umberto Jaques,5199122738,6931 Utah Crossing,25.02.2020,bolnik
Devy Cushe,4941453263,4 Algoma Plaza,29.04.2020,zdrav
Tansy Barensen,8828193247,2 Hoepker Place,30.03.2020,bolnik
Iosep Foskett,7865049072,67 Sunnyside Plaza,28.04.2020,bolnik
Clementina Sandal,5922132849,5 Tennessee Street,30.03.2020,zd_delavec_na_dolznosti
Selig Colcutt,0516236229,7195 Southridge Alley,11.02.2020,zdrav
Erhart Carloni,3816138217,3 Toban Circle,03.02.2020,bolnik
Garrek Kliesl,6828163540,3374 4th Avenue,01.02.2020,zdrav
Rowland des Remedios,3736478763,07336 Hagan Circle,31.03.2020,zdrav
Frederick O'Donnell,5341842820,7529 Elka Trail,14.04.2020,zdrav
Siana Ludvigsen,3847413473,09024 Corscot Road,11.04.2020,zdrav
Claiborne Mews,7966603652,8750 Hazelcrest Hill,03.04.2020,zdrav
Josi Pepperrall,6828475909,43 Lake View Street,07.04.2020,zdrav
Kahlil Rodolphe,7553373958,3721 Dunning Drive,15.04.2020,zdrav
Gleda Olligan,5121501161,5464 Oakridge Circle,09.04.2020,zdrav
Shaylynn Labbe,6874482947,90 Macpherson Alley,27.02.2020,zdrav
Jolyn Shearmer,3075590770,81 Buhler Drive,11.04.2020,zdrav
Elianore Dinis,1024549631,0 Pond Road,03.02.2020,zdrav
Gasparo Hinckes,2862823422,3 Karstens Pass,02.04.2020,bolnik
Darcie Deeley,1487090374,8577 Arapahoe Road,14.02.2020,zdrav
Erick Aukland,6904903805,6483 Duke Avenue,23.03.2020,bolnik
Nata Unsworth,8612847451,5 Heffernan Pass,24.03.2020,zdrav
Colly Bilson,4465707983,9 Aberg Way,04.03.2020,bolnik
Thedric Wressell,4003555821,95075 Anzinger Trail,08.02.2020,bolnik
Barret Wimes,9933341537,40124 Kim Parkway,27.04.2020,zdrav
Ignazio Castelow,4176177276,2731 Gateway Drive,17.04.2020,zdrav
Peria Thunnercliff,9707402342,00571 Butternut Park,09.03.2020,zdrav
Zolly Kreutzer,7038915568,1 Twin Pines Alley,06.02.2020,zdrav
Kristy Korfmann,0476922003,4 Bowman Trail,27.04.2020,bolnik
Lorie Weightman,9502178459,37 Farmco Road,02.04.2020,zdrav
Alfred Hodgins,7175626169,2876 Canary Crossing,01.02.2020,zd_delavec_na_dolznosti
Ingram Etchingham,8938758249,27711 Doe Crossing Alley,19.03.2020,zdrav
Michaela Hodinton,6253780131,83053 Hermina Pass,23.03.2020,zdrav
Elayne Solomonides,9222993632,7861 Becker Place,20.03.2020,zdrav
Cinnamon Jeness,8742596890,524 Armistice Junction,25.02.2020,bolnik
Frazer Illingsworth,6727699364,2143 Ridgeway Point,23.03.2020,zdrav
Elijah Gillum,9105565871,88 Burning Wood Center,23.02.2020,bolnik
Janeen Adamson,9485864515,742 Anderson Avenue,12.04.2020,zdrav
Karlens Perot,7777371835,7674 Hoard Alley,25.03.2020,zd_delavec_na_dolznosti
Herculie Schriren,4858658538,845 Gulseth Center,10.04.2020,bolnik
Dillon Caughan,4851592388,63692 Ridgeway Way,19.02.2020,zdrav
Helyn Kingaby,3173202260,3750 Tennyson Road,16.03.2020,zdrav
Penrod Mensler,8647718216,59877 La Follette Junction,07.04.2020,zdrav
Marylinda MacCulloch,3722240158,27491 Summit Point,17.03.2020,bolnik
Inesita Orteu,5161218916,60610 Manufacturers Plaza,19.02.2020,zdrav
Sissie Nuccii,6780981575,67 Bonner Plaza,11.02.2020,bolnik
Jeanelle Hutchin,7245716625,0843 Eastwood Parkway,30.04.2020,zdrav
Abra Gronaller,9718195793,80 East Parkway,12.02.2020,zdrav
Vinnie Fanstone,1057581585,2286 Dunning Crossing,12.04.2020,bolnik
Zsazsa Doghartie,6545515527,775 Kenwood Court,21.04.2020,zdrav
Tani Hallen,1472916581,94 Talisman Park,25.02.2020,zdrav
Wylie Amoore,7646814032,0 Namekagon Avenue,08.04.2020,zdrav
Zak Cammomile,3143954981,2916 5th Avenue,18.03.2020,zdrav
Becky Fawbert,3326570325,9 Ludington Point,03.03.2020,zdrav
Rozina Goodspeed,6056127567,29069 Little Fleur Drive,05.04.2020,zdrav
Del McFeate,8915839439,52 Transport Circle,13.02.2020,zdrav
Ashleigh McNirlan,8923220094,6366 Hagan Terrace,22.04.2020,zdrav
Michale Dillet,1729405258,4 Lillian Court,10.04.2020,zdrav
Chelsea Slay,7557157141,3 Eggendart Avenue,29.03.2020,zdrav
Urbano Castree,2292262800,7418 Sunfield Pass,21.02.2020,zdrav
Asa Mc Trusty,8787423634,07 Pawling Park,06.02.2020,zdrav
Krysta Rate,2057155102,99 Buena Vista Terrace,29.03.2020,zdrav
Olympie Antonognoli,8398783311,82 Cardinal Point,13.04.2020,zdrav
Grant Stigger,9773719065,041 John Wall Circle,04.03.2020,zdrav
Slade Edgecombe,3239023547,804 Golden Leaf Drive,07.04.2020,zdrav
Spence Tight,1106396642,7 Northland Pass,26.03.2020,zdrav
Nataniel Robbs,2700825500,2 Elgar Lane,12.03.2020,zdrav
Launce Redshaw,1153186691,7 Packers Road,07.03.2020,bolnik
Ad Rissom,3623164852,154 Butterfield Park,28.02.2020,zdrav
Boot Rodgerson,7671368180,83602 Monica Street,14.02.2020,bolnik
Ardys Koenraad,8529442660,94 Tennyson Park,05.02.2020,zdrav
Kariotta Bakey,0001587943,07 Spohn Junction,28.03.2020,zdrav
Emmalynne Tilbury,2428452851,517 Annamark Alley,30.04.2020,zdrav
Sullivan Wragge,6692128048,6 Heath Hill,06.03.2020,zdrav
Karin Courtenay,9036079098,21 Emmet Crossing,09.04.2020,zdrav
Pearla Mansbridge,6888641503,1 Kenwood Pass,25.03.2020,zdrav
Gwendolin Canacott,9653805843,746 Lakeland Avenue,14.02.2020,zdrav
Kristal Goodsal,8975061574,59 Sage Lane,18.03.2020,zdrav
Rachele Colqueran,6270402808,81129 Trailsway Street,22.03.2020,zdrav
Ramonda Ceci,4729646495,4319 Gale Pass,20.04.2020,zdrav
Moore Eglin,7919790980,716 Farwell Court,28.02.2020,zdrav
Winna Baldung,9553808565,356 Bluejay Park,05.04.2020,zdrav
Mohandas Proud,4991706572,83 Clove Circle,04.04.2020,zdrav
Janna Hadleigh,2481556615,7609 Sutteridge Way,07.04.2020,zdrav
Rickard Parnham,4060532428,631 Basil Alley,08.02.2020,zdrav
Pavla Hitzmann,7476537130,18 Melby Avenue,03.04.2020,zdrav
Dieter Laurisch,2450657053,68901 Helena Park,01.04.2020,zdrav
Latia Garrard,4501133422,719 Mendota Park,17.04.2020,zdrav
Fraser Bolduc,9316366577,62118 Dahle Way,25.04.2020,zdrav
Judah Blannin,3820104682,15 Esker Trail,21.03.2020,zdrav
Anissa Humm,2258244730,13877 Lakeland Alley,07.04.2020,zdrav
Freeman Natalie,5946612557,3837 Spenser Place,23.02.2020,zdrav
Salomone Croxon,6645289545,80 Carberry Terrace,18.04.2020,zdrav
Bond Osbiston,9231526839,0 Chinook Way,22.02.2020,zdrav
Emelia D'Hooghe,6293565770,2510 Kim Court,22.03.2020,zd_delavec_na_dolznosti
Haroun Rawcliffe,3799855033,1 Longview Drive,07.04.2020,zdrav
Chad Iapico,8447717720,0 Cody Park,26.03.2020,zdrav
Jasmine Gutridge,3422625046,92 Nancy Street,16.03.2020,zd_delavec_na_dolznosti
Sofie Harner,7868141700,4900 Kingsford Place,14.02.2020,zdrav
Lydon Harse,7362268017,9615 Algoma Park,16.03.2020,zdrav
Kiah Satch,0841995109,14 Walton Court,15.04.2020,zdrav
Emanuele Gatesman,9365661765,3880 Lunder Road,10.03.2020,zdrav
Marget Kiehl,5597629182,73 Holmberg Circle,26.04.2020,zdrav
Man Richardot,2277530433,57292 New Castle Point,10.02.2020,zdrav
Ethe Snowden,5928578342,29 6th Place,18.04.2020,zdrav
Stefa Pennicott,9424576633,3937 Kings Alley,18.03.2020,zdrav
Rik Penella,2277869414,058 Meadow Vale Plaza,25.04.2020,zdrav
Reynard Johananov,9419005186,62124 Sugar Avenue,16.03.2020,zdrav
Clem Henstone,7901583908,74935 Morrow Street,15.02.2020,zdrav
Alane Jimson,1386801909,7 Shasta Street,07.02.2020,zdrav
Zack Aasaf,2334924881,3 Bunting Junction,27.03.2020,zdrav
Jamey Hazelhurst,6101730042,893 Gulseth Hill,09.02.2020,zdrav
Trudy Trunby,0910707030,1 Donald Point,28.02.2020,zdrav
Ronnie Tratton,6341175124,162 Carey Terrace,16.04.2020,zdrav
Randie Stoddart,9056771337,410 Bunker Hill Park,25.04.2020,bolnik
Averill Thickin,9921818449,832 Florence Terrace,22.02.2020,zdrav
Duke OIlier,1951282205,3 Briar Crest Center,07.02.2020,zdrav
Alice Prozescky,6523487520,9 Anniversary Place,03.04.2020,zdrav
Kara-lynn Knappett,3408339740,02234 Troy Lane,16.04.2020,zdrav
Constantia Gomm,1110110561,642 Schurz Avenue,01.02.2020,zd_delavec_na_dolznosti
Erasmus Fowlestone,2865373010,6647 Darwin Court,03.03.2020,zdrav
Jed Condit,1110121989,33664 Bowman Circle,23.02.2020,zdrav
Yetty Whiston,7581547752,24237 Summit Crossing,05.04.2020,zdrav
Margo Ellsbury,3355020036,405 Basil Plaza,02.02.2020,zdrav
Luella Oxterby,9367233930,22 Sutherland Alley,19.03.2020,zdrav
Paige Loosely,3518247565,9894 Hanover Way,03.03.2020,zdrav
Della Dorling,4084727725,4 Gulseth Court,27.04.2020,zdrav
Rafaelia Mearing,3419297742,3 Mendota Street,02.03.2020,zdrav
Jenn Hazley,3826311868,012 Manitowish Alley,28.02.2020,zdrav
Barrie MacAughtrie,2321349948,7183 Anhalt Lane,05.02.2020,zdrav
Dee Gianinotti,0921914547,001 Coolidge Junction,24.02.2020,zdrav
Moses Kroch,5259850327,6 Prairie Rose Trail,07.03.2020,zdrav
Sarette Jeaycock,7458169958,98999 Meadow Vale Center,20.02.2020,zdrav
Cristina Dewick,1272185451,67 Spenser Crossing,05.03.2020,zdrav
Marco Sones,7489221986,6150 Eastwood Court,10.04.2020,zdrav
Jessie Weildish,4774218960,4 Grover Plaza,12.02.2020,zdrav
Bernetta Buchanan,5131931398,93297 Armistice Lane,06.03.2020,zdrav
Sampson Carbine,9219765004,2 Montana Trail,27.03.2020,zdrav
Charin Perrigo,3662800721,42933 Thierer Way,22.03.2020,zdrav
Broderic Sighard,2900595967,1 Bashford Crossing,16.03.2020,zdrav
Felicia Dillingston,3774511535,9834 Sherman Pass,06.02.2020,zdrav
Umberto Yearnsley,3681147450,3 Mccormick Park,18.03.2020,zdrav
Imogen Eagan,8531970997,97 Maryland Place,07.02.2020,zdrav
Dallas Mathey,6202416920,31 Chive Parkway,12.03.2020,zdrav
Jerry Eggleston,0502816848,101 Muir Center,10.04.2020,zdrav
Eddie Foro,6322151339,052 Cardinal Point,11.02.2020,zdrav
Ronda Domeney,3987781203,08 Banding Crossing,29.03.2020,zdrav
Rachelle Thorndale,4476744753,58770 Namekagon Drive,25.03.2020,zdrav
Egan Prothero,6106817421,87090 Westridge Road,17.02.2020,zdrav
Seward Sliman,1627509445,81 Manufacturers Street,29.02.2020,zdrav
Tiff Sinisbury,8256199075,83 Ludington Junction,17.03.2020,zdrav
Howie Tomczynski,4461933911,83 8th Circle,16.02.2020,zdrav
Lauritz Bakster,0860587762,09 Namekagon Parkway,29.04.2020,zdrav
Josh McHenry,9380796366,33168 Lotheville Lane,30.04.2020,zdrav
Alastair MacLure,6217643634,847 Pierstorff Plaza,10.02.2020,zdrav
Leland Boleyn,5038564828,30801 Anthes Junction,16.03.2020,zdrav
Urbanus Clissett,5628188719,73736 Oriole Circle,22.03.2020,zdrav
Lindy Bratten,7545053281,8665 Saint Paul Court,15.04.2020,zdrav
Maryl Di Francesco,0408192429,029 Hansons Trail,09.03.2020,bolnik
Tallie Pentin,7584745024,8 Talisman Way,13.04.2020,zdrav
Dody Doberer,6352888720,1148 Sundown Street,19.02.2020,bolnik
Goran Babidge,1243794232,1008 Bellgrove Pass,07.04.2020,zdrav
Wash Carnoghan,3434465510,7589 Dorton Court,16.03.2020,zdrav
Lauritz Nouch,6970141861,800 Knutson Trail,23.02.2020,zdrav
Pauline Truter,2014097828,4454 Forest Circle,03.02.2020,zdrav
Brendis Kos,9899695122,2854 Artisan Parkway,26.04.2020,bolnik
Cornelia Snawdon,0287409015,3437 Waubesa Trail,13.02.2020,zdrav
Fergus Dionsetti,9010631338,09317 Mesta Terrace,22.03.2020,bolnik
Abdul Zohrer,0906006619,69 Kipling Hill,25.03.2020,zd_delavec_na_dolznosti
Wenonah Gibbon,1958670499,03 Mallory Center,29.04.2020,zdrav
Irwinn Ingleston,8687585659,07 Homewood Park,02.03.2020,zdrav
Anton Viggers,7043638887,785 Westerfield Junction,30.03.2020,zdrav
Lauraine Sibley,5145831927,669 Hollow Ridge Parkway,30.04.2020,zd_delavec_na_dolznosti
Rafaelia Izacenko,8170165768,2403 Carioca Point,13.02.2020,zdrav
Ibbie Royson,8612196973,17108 Garrison Way,02.04.2020,zdrav
Rana Anthonsen,1023042975,9 Service Point,25.02.2020,bolnik
Waldemar Peres,7682850752,86 Bay Hill,21.03.2020,zdrav
Ursulina Apfelmann,3040714422,43 Muir Trail,08.03.2020,zdrav
Dall Izachik,9805457966,8945 Bowman Road,26.03.2020,zdrav
Monro Pimm,4608828460,93 Haas Road,18.02.2020,zdrav
Hammad Benstead,4773797541,863 Eliot Alley,14.04.2020,zdrav
Dennis Dunsire,3044540704,3609 Parkside Drive,20.03.2020,zdrav
Rad Clere,0080916465,6529 Dixon Junction,21.04.2020,zdrav
Inna Durbyn,5150883948,07755 Merchant Center,10.04.2020,zdrav
Garland Chirm,2291737651,9791 Cascade Hill,11.03.2020,zd_delavec_na_dolznosti
Zorana Grimoldby,4842538392,8898 Springs Point,29.02.2020,zdrav
Natka Belvard,1665312181,924 Karstens Point,04.02.2020,zdrav
Burch Ellicock,5917519048,49 David Lane,06.03.2020,zdrav
Silvio Sellner,0906999154,5564 Harper Way,25.02.2020,zdrav
Pia Ingledow,6300999416,799 Troy Way,03.02.2020,zdrav
Melissa Lorne,3215929171,5400 Prairieview Road,03.02.2020,zdrav
Alvis Tipling,4627315155,575 Starling Junction,19.04.2020,zdrav
Oralee Flawn,7263671964,776 Montana Terrace,10.04.2020,zdrav
Gauthier Barrabeale,6770879689,2 Hovde Junction,16.02.2020,zdrav
Octavius Balducci,0605356785,6275 Ramsey Way,25.04.2020,zdrav
Ethelbert Bogue,3462142712,4 Kinsman Circle,07.02.2020,zdrav
Bernice Cowdroy,7554825879,59 7th Court,07.04.2020,zdrav
Merrill Tingcomb,7968898455,197 Summer Ridge Trail,21.04.2020,zdrav
Yancey Daudray,3604146909,65845 Green Ridge Drive,14.02.2020,bolnik
Carolan Walas,3113112486,888 Nelson Point,12.04.2020,zdrav
Graham Davydoch,6516393273,69318 2nd Trail,24.04.2020,zdrav
Jose Marcussen,3288991659,14231 Derek Parkway,03.03.2020,zdrav
Rowena Dodwell,6814696274,5 Stuart Alley,03.03.2020,zdrav
Esta Keaves,9254865605,526 Hoepker Lane,25.04.2020,zdrav
Blanche Mewis,5633842103,12 Forest Pass,07.04.2020,zdrav
Nonnah Shucksmith,2828903257,8 Linden Alley,31.03.2020,zdrav
Sukey Denington,2343168253,34071 Meadow Ridge Pass,13.02.2020,zdrav
Hastings Atlay,6448776648,60 Graedel Plaza,30.03.2020,zdrav
Barty Merkle,6811221321,653 Sage Center,15.02.2020,zdrav
Imogen Lockney,7253109368,815 Dorton Way,01.02.2020,bolnik
Iago Biddell,6998807457,1 Gerald Alley,08.02.2020,zdrav
Breena Beakes,8741163141,3 Maple Wood Crossing,15.03.2020,zdrav
Karen Rospars,8896922097,285 Blue Bill Park Lane,21.02.2020,zdrav
Freddie Flacke,7411169994,60 Graedel Pass,04.03.2020,zdrav
Benedicto Rouse,9289914432,2960 Messerschmidt Court,06.04.2020,bolnik
Cassi Darthe,4848407206,62492 Merrick Pass,30.03.2020,zdrav
Tamqrah Calderwood,1768885311,498 Sugar Hill,14.04.2020,zdrav
Marika Sibley,7112918294,08882 Scott Avenue,11.02.2020,zdrav
Shannen Charlick,8825229038,6759 Tennyson Parkway,11.02.2020,zdrav
Stephine Klewi,5056392391,458 Toban Hill,15.04.2020,zdrav
Ade de Aguirre,8409456893,65701 Emmet Pass,07.02.2020,bolnik
Kermit Marie,6162919668,560 Westport Street,18.02.2020,bolnik
Allina Tenney,0347873014,36 Longview Court,16.03.2020,zdrav
Earlie Strauss,6508052799,99263 Holmberg Terrace,28.04.2020,zdrav
Lucia Ivey,2435815654,1159 Manley Center,22.03.2020,zdrav
Zarah Baud,3242374290,208 Almo Hill,30.03.2020,zdrav
Jamal Piccard,6010765579,09207 Waubesa Place,12.03.2020,zdrav
Bourke Eberdt,4188173947,52687 Mockingbird Place,16.03.2020,zdrav
Darice Widdecombe,1790585260,22998 Talisman Drive,03.02.2020,zdrav
Hyacinthe Roseaman,8022875430,2812 Sachtjen Street,04.03.2020,zdrav
Isacco Dunkerley,6364826857,3792 Walton Terrace,20.03.2020,zdrav
Freddie Bagshawe,2130942350,19488 Birchwood Point,03.02.2020,zdrav
Isabella Jakaway,7710002285,08837 Buhler Center,04.04.2020,zdrav
Rollins Morstatt,1187528722,22387 Spaight Street,24.02.2020,zdrav
Correy Whitehead,1165113643,70 Haas Parkway,28.04.2020,bolnik
Gabbie Fallowfield,5692028581,17584 Iowa Terrace,02.04.2020,zdrav
Gwendolyn Dooher,6975167257,312 Brown Crossing,09.04.2020,zdrav
Coralyn Lunbech,9539317681,9343 Elka Avenue,24.02.2020,zdrav
Brinna Firbanks,5968539720,6905 Jay Alley,04.04.2020,zdrav
Daile Pawlett,8529350731,9 Hudson Way,26.04.2020,zdrav
Laverne Pickles,3126604447,32062 Straubel Road,01.04.2020,zdrav
Corney Arington,1388555913,604 Jenifer Hill,24.02.2020,zdrav
Natal Dufty,9934209047,56167 Texas Lane,06.04.2020,zdrav
Bjorn Nabbs,3807257675,9 Northwestern Drive,01.02.2020,bolnik
Zeke Temblett,4986628747,97766 Grasskamp Court,20.02.2020,zdrav
Whitney Handmore,1012222918,7723 Morrow Court,05.02.2020,zdrav
Archibaldo Levene,0741996707,68672 Eagan Trail,19.02.2020,bolnik
Delano Kisbee,8020600248,00456 Summerview Drive,04.04.2020,zdrav
Burke Evitts,6023698476,3699 Cottonwood Center,02.02.2020,zdrav
Ignace Burkwood,1102103780,6 Cottonwood Plaza,18.04.2020,zdrav
Selma Shiliton,1370095619,081 Northport Terrace,20.03.2020,zdrav
Fielding Carolan,7968442672,471 High Crossing Place,10.03.2020,bolnik
Harv Bussons,2770671448,0 Sycamore Court,23.02.2020,zdrav
Dolli Eaglestone,6942699926,41915 Valley Edge Trail,30.04.2020,zdrav
Milt Palfreeman,9407636313,0 Swallow Pass,25.03.2020,zd_delavec_na_dolznosti
Nellie Corryer,1340431971,87 Fieldstone Parkway,16.04.2020,zdrav
Victor Klemt,9869932142,037 Comanche Alley,17.03.2020,zd_delavec_na_dolznosti
Tod Schirok,4411560127,497 Rusk Crossing,10.03.2020,bolnik
Katheryn Linskey,0628458932,769 Portage Trail,09.04.2020,zdrav
Brandise Allsobrook,1170879799,9249 Shelley Drive,15.02.2020,zdrav
Lari Elland,8639915822,256 Jenifer Parkway,13.02.2020,zdrav
Aluin Ladd,5145392648,671 Northport Hill,19.04.2020,zdrav
Roarke Eassom,0934451168,334 Sachtjen Parkway,27.02.2020,zdrav
Milissent Kirsop,5491742570,7 Magdeline Plaza,04.02.2020,zdrav
Ezmeralda Siddele,2003562621,116 Hoffman Crossing,27.04.2020,zdrav
Fletcher Looby,3589054328,0 Brentwood Avenue,27.02.2020,zdrav
Sybil Peschmann,6716143440,812 East Plaza,01.02.2020,zdrav
Thoma Castelluzzi,7090365689,66291 Vermont Plaza,07.02.2020,zdrav
Daile Hunnam,4798582212,94307 Stuart Hill,25.02.2020,zd_delavec_na_dolznosti
Emiline Horsburgh,1971115649,4519 Drewry Junction,02.04.2020,zdrav
Mischa Yewdall,9714097339,2109 Cambridge Parkway,05.04.2020,zdrav
Birk Dillow,9775902371,55 Talisman Hill,12.03.2020,bolnik
Larissa Kocher,8613575382,486 Dryden Court,29.03.2020,zdrav
Minny Mickelwright,2308180536,7654 Springview Road,21.02.2020,zdrav
Aurilia Rack,5307172214,189 Ryan Court,21.04.2020,bolnik
Truman Teulier,4507338557,17185 Clove Lane,18.03.2020,bolnik
Vale Clampe,7792535398,13886 Haas Hill,06.04.2020,zdrav
Karoly Baber,6085641702,029 Fulton Drive,24.02.2020,zdrav
Inesita Panyer,0816231133,279 Sachtjen Park,31.03.2020,zdrav
Trent Buchett,3141719713,304 Parkside Avenue,06.03.2020,zdrav
Zahara Plevey,7065146812,833 Stephen Way,31.03.2020,zdrav
Zane Rollason,2475833548,9112 Muir Place,28.04.2020,zdrav
Rikki Belchambers,4601775825,66080 Northfield Way,05.04.2020,zdrav
Eward Brok,0535100167,61 Old Gate Park,22.02.2020,zdrav
Richmound Leschelle,5072158152,60 Arapahoe Alley,13.03.2020,zdrav
Ted Symers,8777436067,86 Canary Court,12.02.2020,bolnik
Grange Rankling,6381625384,21719 Montana Park,02.03.2020,zdrav
Jen Giffard,5504980062,8 Fair Oaks Junction,01.03.2020,zdrav
Al Venables,7498870592,8 Londonderry Hill,07.03.2020,zdrav
Tommy Pallis,5725689875,3 Elmside Place,27.04.2020,zd_delavec_na_dolznosti
Clementina Stooke,6636261714,0 Fieldstone Pass,04.03.2020,zdrav
Jose Beig,2924948444,00878 West Lane,21.04.2020,zdrav
Alys Prewer,5578722075,6 Jana Pass,02.02.2020,zdrav
Cicily Trassler,6487053481,5 Jenna Circle,09.04.2020,bolnik
Theressa Seeds,6905461350,0 Hoffman Crossing,02.04.2020,zd_delavec_na_dolznosti
Danika Attawell,2607884934,809 Nobel Lane,06.02.2020,zdrav
Jelene Stroyan,5663316434,3 Grim Circle,18.03.2020,zd_delavec_na_dolznosti
Faydra Chatto,5967187200,7474 Packers Park,09.02.2020,zdrav
Herculie O'Spillane,8639282633,34 Everett Alley,20.02.2020,zdrav
Sharyl Arnison,6754091606,78 Anthes Alley,05.03.2020,zdrav
Pauly Jorger,9761503402,17 Merry Plaza,09.03.2020,zdrav
Swen Vesty,8211014513,964 Bay Circle,31.03.2020,zdrav
Casey Fritchly,8095971359,615 Moland Plaza,17.04.2020,zdrav
Tanny Crocumbe,9364865251,3 Prairie Rose Alley,08.04.2020,zdrav
Aguie Avraham,7514346287,6125 Maple Way,05.04.2020,zd_delavec_na_dolznosti
Boyd Davidsohn,6390363273,395 Gateway Alley,08.03.2020,zdrav
Mario Jedrzejewsky,4222052299,9411 Mallard Trail,25.04.2020,zdrav
Minda Petigrew,5925363159,361 Atwood Trail,11.04.2020,zd_delavec_na_dolznosti
Elana Schule,5272007565,2669 7th Pass,19.03.2020,zdrav
Melanie Confort,5838759690,187 Namekagon Way,21.03.2020,zdrav
Ediva Fay,0536066655,3 Bartillon Place,21.04.2020,zdrav
Eddy Sjollema,7371619307,776 Kinsman Court,24.04.2020,bolnik
Sonia Ringwood,6789759166,05 1st Hill,03.02.2020,zdrav
Rosetta Normanville,3844229736,0 Novick Street,01.03.2020,zdrav
Frank Sand,2085291279,607 Forest Run Junction,19.04.2020,zdrav
Adria Riccardini,6266218607,80813 Birchwood Point,16.04.2020,zdrav
Tomasine Snalham,9709353152,9 Manufacturers Drive,11.03.2020,zdrav
Abie Sargint,2315149703,5 Algoma Alley,26.03.2020,zdrav
Shanda Ghelarducci,5021100467,0989 Manley Court,10.04.2020,zdrav
Woodman McGrale,7845782742,3 Dexter Parkway,26.02.2020,bolnik
Dominick Grishakov,3163293204,6111 Loeprich Court,26.02.2020,zdrav
Dael Cabane,0460809989,47 Claremont Court,05.04.2020,zdrav
Donelle Hanson,0703721836,587 Eastwood Point,10.02.2020,zdrav
Danella Bullivant,8429559248,3 Carioca Trail,24.04.2020,zdrav
Rollo Hurlin,0106738119,867 Commercial Trail,05.03.2020,zdrav
Sutton Burd,0501386963,59884 Charing Cross Crossing,11.02.2020,zdrav
Norby Vauls,7445052879,9 Surrey Plaza,01.02.2020,zdrav
Gregoor Mizzi,7972235481,2 Superior Parkway,01.03.2020,zdrav
Matty MacLennan,2289537543,7 Butternut Trail,28.03.2020,zdrav
Katuscha Selkirk,6021399730,5 Heffernan Center,27.04.2020,bolnik
Jeri Ludlem,9262400705,64588 Mcbride Crossing,25.02.2020,zdrav
Yalonda Keir,4130818694,9 Union Plaza,07.02.2020,zdrav
Wallis Spuner,6981716496,7 Cody Parkway,12.04.2020,zdrav
Nathan Atto,6797412730,068 Packers Junction,30.03.2020,zdrav
Ardisj Callan,5140155273,4 Myrtle Avenue,14.03.2020,zdrav
Allys Bristo,4597412808,736 Summit Hill,02.03.2020,zdrav
Alanah Gainsford,3711473822,7 Pankratz Drive,12.04.2020,zdrav
Hiram Wingate,0309791332,5402 Golden Leaf Drive,03.04.2020,bolnik
Fax Berth,0741052571,22 East Lane,18.03.2020,zdrav
Lira Bulch,9171907882,6 Marcy Alley,25.04.2020,zdrav
Ariela Blakes,8285550184,9573 Schlimgen Way,14.04.2020,zd_delavec_na_dolznosti
Justine Rocks,3305213205,3061 Wayridge Center,05.03.2020,bolnik
Lucita Sprankling,4544811821,4 Ridgeview Plaza,07.03.2020,zdrav
Padget Bridat,6473206906,4910 Hoepker Pass,04.02.2020,zdrav
Othella Olin,9512031787,26 Anniversary Trail,06.03.2020,zdrav
Dyan Thairs,7845850411,5256 Old Shore Alley,27.03.2020,zdrav
Bunnie Narramore,8678422327,362 Lindbergh Center,19.03.2020,bolnik
Burtie Ruddlesden,3946177883,3 Lakewood Gardens Lane,17.02.2020,zdrav
Andrea Tinklin,7582304195,36486 Anthes Plaza,24.03.2020,zdrav
Benn Waadenburg,8581136591,56 Nevada Pass,06.04.2020,bolnik
Elsworth Fayer,8619319094,82579 Heath Junction,25.03.2020,zdrav
Antoine Bertot,3322820661,30748 Little Fleur Junction,15.04.2020,zdrav
Isabella Semon,2744459755,81890 Crescent Oaks Parkway,03.02.2020,zdrav
Domeniga Arckoll,2812688653,681 Dakota Way,24.04.2020,zdrav
Kora De Bruijne,6863407655,17256 Arkansas Drive,03.02.2020,zdrav
Constantine Landes,4093692289,02 Linden Terrace,04.04.2020,zdrav
Faythe Gagg,1729803458,36 Arkansas Road,05.02.2020,bolnik
Anestassia Libbe,8822238095,1 Dorton Hill,19.02.2020,zdrav
Nial Pitcaithley,7431280211,4 Kipling Pass,06.02.2020,zdrav
Dagny Ekins,7950744464,0 Sauthoff Crossing,08.03.2020,bolnik
Esma Coneau,5799355032,27 Dakota Drive,11.03.2020,zdrav
Nickey Cunnane,5612483066,0 Declaration Court,24.03.2020,zdrav
Ludovico Menis,9668462971,92816 David Avenue,07.04.2020,zd_delavec_na_dolznosti
Colin Braemer,8316970988,78 Granby Avenue,05.02.2020,bolnik
Clevie Ducarne,1232482625,84956 Acker Lane,16.03.2020,zdrav
Fawn Brodeur,7722469485,6378 Pine View Terrace,06.02.2020,zdrav
Guillemette Baptie,6111815881,74472 Vera Road,18.02.2020,bolnik
Tammie Cowitz,6511247597,7 Green Junction,25.03.2020,zdrav
Pembroke Hamson,7848379175,8221 School Junction,25.04.2020,zdrav
Melodee Crossfield,2726926487,5 Porter Street,31.03.2020,zdrav
Maddie Kramer,7888898505,17 Bashford Alley,22.03.2020,zdrav
Valentine Clackers,1941727905,791 Fordem Junction,20.04.2020,zdrav
Clarance Lodin,5685015771,1233 Grayhawk Lane,10.03.2020,bolnik
Joela Gronaller,4374070028,9 Mosinee Road,31.03.2020,zdrav
Ivor Youd,8499156169,26028 Pierstorff Avenue,17.03.2020,bolnik
Puff Deeny,0297284827,30 Algoma Place,21.04.2020,zdrav
Krishnah Garn,9543363412,77 2nd Terrace,22.03.2020,zdrav
Godiva Turbayne,2456760603,04484 Mifflin Center,31.03.2020,bolnik
Dalia Rutter,7985158030,37 Farwell Park,14.03.2020,zdrav
Darsey Fourman,6335198266,81858 Upham Terrace,22.03.2020,zdrav
Hervey Spurret,4386968830,5472 Melrose Terrace,17.04.2020,zdrav
Avery Bewlay,5582749780,5 Bunker Hill Junction,22.03.2020,zdrav
Roldan Chomiszewski,6991128244,538 Trailsway Street,18.03.2020,bolnik
Clair Pynner,8351573906,8953 Annamark Center,04.03.2020,zdrav
Lief Ferenc,8606265535,78711 Springs Terrace,16.04.2020,zdrav
Milissent Flello,3588023461,70 Derek Circle,30.04.2020,zdrav
Garreth Blockey,1585149616,851 Fairview Court,17.03.2020,zdrav
Stafford MacGee,2131348525,839 Jenifer Avenue,17.02.2020,zdrav
Luther Eustace,3486175416,16 Golf Course Lane,09.03.2020,zdrav
Tierney Pledger,5962708849,948 Comanche Circle,03.04.2020,bolnik
Odey Tweedlie,9290787546,3 Manley Center,28.03.2020,zdrav
Romain Bodell,4337599169,91312 Green Ridge Drive,19.02.2020,zdrav
Rowena Count,5290710892,64 Marquette Center,17.04.2020,zdrav
Shane Bresland,5271011267,96 Hallows Street,12.04.2020,zdrav
Vidovic Bes,7340206817,0591 Scoville Junction,13.02.2020,zdrav
Elisha Horsewood,7195635600,10 Springs Terrace,09.02.2020,zdrav
Constantia Cordero,3667491506,31 Golf View Street,07.03.2020,zdrav
Damaris Brigham,1639616322,41333 Service Street,20.02.2020,bolnik
